{"cameraMode":{"drawMode":0,"name":"Shaded","section":"Shading Mode"},"sceneLighting":true,"audioPlay":false,"sceneViewState":{"m_AlwaysRefresh":false,"showFog":true,"showSkybox":true,"showFlares":true,"showImageEffects":true,"showParticleSystems":true,"showVisualEffectGraphs":true,"m_FxEnabled":true},"in2DMode":false,"pivot":{"x":1131.80908203125,"y":-31.989429473876954,"z":829.6278686523438},"rotation":{"x":-0.020998073741793634,"y":0.017114738002419473,"z":-0.00035003048833459616,"w":-0.9996408224105835},"size":578.4850463867188,"orthographic":false}